stat_rne,sas,mov_rne,50-50 rne,ras,rne,epe
nan,0.9972190566936564,0.0,nan,0.9998003503232739,0.14783121245525485,0.3485774119628494
nan,0.9983191274996109,0.007212005458617368,nan,0.9999763602836585,0.15120055208713695,0.35644170240646805
